id,orgao,titulo,tipo,url,data_acesso,arquivo_bruto,situacao,motivo
F01,Presidência da República,Lei nº 7.210/1984 (LEP) - texto compilado,oficial (norma),https://www.planalto.gov.br/ccivil_03/leis/l7210.htm,2026-10-07,brutos/legal_lei-7210-1984-lep_planalto.html,usada,
F02,Presidência da República,Decreto-Lei nº 2.848/1940 (Código Penal) - texto compilado,oficial (norma),https://www.planalto.gov.br/ccivil_03/decreto-lei/del2848compilado.htm,2026-10-07,brutos/legal_decreto-lei-2848-1940-codigo-penal_planalto.html,usada,
F03,Presidência da República,Constituição da República Federativa do Brasil de 1988,oficial (norma),https://www.planalto.gov.br/ccivil_03/constituicao/constituicao.htm,2026-10-07,brutos/legal_constituicao-1988_planalto.html,usada,
F04,Câmara dos Deputados,Exposição de Motivos nº 213/1983 (LEP),oficial (documento legislativo),https://www2.camara.leg.br/legin/fed/lei/1980-1987/lei-7210-11-julho-1984-356938-exposicaodemotivos-149285-pl.html,2026-10-07,brutos/legal_lei-7210-1984-exposicao-de-motivos_camara.html,usada,
F05,STF,Notícia: STF reconhece violação massiva de direitos no sistema carcerário brasileiro (04/10/2023),oficial (notícia institucional),https://noticias.stf.jus.br/postsnoticias/stf-reconhece-violacao-massiva-de-direitos-no-sistema-carcerario-brasileiro/,2026-10-07,brutos/legal_stf_noticia_reconhece-violacao-massiva-adpf347_2023-10-04.html,usada,
F06,STF,Notícia: STF homologa plano Pena Justa com ressalvas (19/12/2024),oficial (notícia institucional),https://noticias.stf.jus.br/postsnoticias/stf-homologa-plano-pena-justa-com-ressalvas/,2026-10-07,brutos/legal_stf_noticia_homologa-pena-justa-com-ressalvas.html,usada,
F07,STF,Notícia: STF homologa planos estaduais contra violações de direitos no sistema prisional (10/09/2026),oficial (notícia institucional),https://noticias.stf.jus.br/postsnoticias/stf-homologa-planos-estaduais-contra-violacoes-de-direitos-no-sistema-prisional/,2026-10-07,brutos/legal_stf_noticia_homologa-planos-estaduais.html,usada,
F08,STF,Notícia: medida cautelar na ADPF 347 (09/09/2015),oficial (notícia institucional),https://noticias.stf.jus.br/postsnoticias/direto-do-plenario-stf-reconhece-violacao-a-direitos-fundamentais-no-sistema-prisional/,2026-10-07,brutos/legal_stf_noticia_adpf347-cautelar_2015-09-09.html,consultada,contexto histórico da cautelar; não gerou indicador
F09,CNJ,Pena Justa: plano nacional e matriz de implementação (fev. 2025),oficial,https://www.cnj.jus.br/wp-content/uploads/2025/02/2025-02-07-pena-justa-plano-e-matriz.pdf,2026-10-07,brutos/legal_cnj_pena-justa_plano-e-matriz_2025-02-07.pdf,usada,
F10,CNJ,Pena Justa: sumário executivo (fev. 2025),oficial,https://www.cnj.jus.br/wp-content/uploads/2025/02/2025-02-07-pena-justa-sumario-executivo.pdf,2026-10-07,brutos/legal_cnj_pena-justa_sumario-executivo_2025-02-07.pdf,consultada,conteúdo coberto pelo plano completo (F09)
F11,CNJ,Página Plano Pena Justa,oficial,https://www.cnj.jus.br/sistema-carcerario/plano-pena-justa/,2026-10-07,brutos/legal_cnj_plano-pena-justa_pagina.html,usada,
F12,CNJ,Pena Justa: documentos relevantes,oficial,https://www.cnj.jus.br/sistema-carcerario/plano-pena-justa/documentos-relevantes/,2026-10-07,brutos/legal_cnj_plano-pena-justa_documentos-relevantes.html,consultada,índice de documentos
F13,IPEA,Reincidência criminal no Brasil: relatório de pesquisa (2015),complementar (pesquisa),http://repositorio.ipea.gov.br/handle/11058/7510,2026-10-07,brutos/legal_ipea_relatorio-reincidencia-criminal-no-brasil_2015.pdf,usada,
F14,DEPEN/UFPE,Reincidência criminal no Brasil: relatório prévio (2022),complementar (pesquisa oficial preliminar),https://www.gov.br/senappen/pt-br/assuntos/noticias_OLD/depen-divulga-relatorio-previo-de-estudo-inedito-sobre-reincidencia-criminal-no-brasil/reincidencia-criminal-no-brasil-2022.pdf/@@display-file/file,2026-10-07,brutos/legal_depen-ufpe_reincidencia-criminal-no-brasil_relatorio-previo_2022.pdf,usada,
F15,SENAPPEN,SISDEPEN 19º ciclo - RELIPEN 2º semestre de 2025,oficial (prioridade 1),https://www.gov.br/senappen/pt-br/servicos/sisdepen/relatorios/relatorios-de-informacoes-penitenciarias/relatorio-do-2o-semestre-de-2025.pdf/@@display-file/file,2026-10-07,brutos/br_sisdepen_relipen_19ciclo_dez2025.pdf,usada,
F16,SENAPPEN,SISDEPEN 19º ciclo - base de dados 2025/2 (xlsx),oficial (prioridade 1),https://www.gov.br/senappen/pt-br/servicos/sisdepen/bases-de-dados/2025/19o-ciclo-base-de-dados-2025-2-semestre.xlsx/@@download/file,2026-10-07,brutos/br_sisdepen_base_19ciclo_dez2025.xlsx,usada,
F17,SENAPPEN,SISDEPEN 19º ciclo - base de dados 2025/2 (csv),oficial (prioridade 1),https://www.gov.br/senappen/pt-br/servicos/sisdepen/bases-de-dados/2025/19o-ciclo-base-de-dados-2025-2-semestre.csv/@@download/file,2026-10-07,brutos/pr_senappen_sisdepen_base-dados_19ciclo_2025-2sem.csv; brutos/br_sisdepen_unidades_pr.csv (extrato PR gerado a partir da base),usada,
F18,SENAPPEN,Páginas SISDEPEN / relatórios / bases de dados,oficial,https://www.gov.br/senappen/pt-br/servicos/sisdepen,2026-10-07,brutos/br_senappen_pagina_sisdepen.html; brutos/br_senappen_pagina_relatorios.html; brutos/br_senappen_pagina_bases_de_dados.html,consultada,páginas de navegação para localizar F15-F17
F19,SENAPPEN,Painel SISDEPEN (Power BI),oficial (painel dinâmico),https://app.powerbi.com/view?r=eyJrIjoiODQ3Njc3MTctNjdkYS00YmE1LWFmYTItYzRiMzg2ZDcxOWJhIiwidCI6ImViMDkwNDIwLTQ0NGMtNDNmNy05MWYyLTRiOGRhNmJmZThlMSJ9,2026-10-07,,descartada,painel dinâmico sem arquivo estático; preferência por PDF/planilha
F20,CNJ,CNIEP/Geopresídios - API de estabelecimentos,oficial (prioridade 2),https://cniep.cnj.jus.br/api/geopresidios/estabelecimentos,2026-10-07,brutos/br_cnj_cniep_api_estabelecimentos.json,usada,
F21,CNJ,CNIEP/Geopresídios - API de inspeções,oficial (prioridade 2),https://cniep.cnj.jus.br/api/geopresidios/inspecoes,2026-10-07,brutos/br_cnj_cniep_api_inspecoes.json,consultada,sem campo de lotação por unidade utilizável no recorte
F22,CNJ,Páginas Geopresídios e BNMP 3.0,oficial,https://www.cnj.jus.br/sistema-carcerario/geopresidios-page/,2026-10-07,brutos/br_cnj_pagina_geopresidios.html; brutos/br_cnj_pagina_bnmp3.html; brutos/br_cnj_geopresidios_home.html,consultada,páginas de navegação
F23,CNJ,Folder BNMP 3.0 (2025),oficial,https://www.cnj.jus.br/wp-content/uploads/2025/07/folder-bnmp-3-0.pdf,2026-10-07,brutos/br_cnj_folder_bnmp3_2025.pdf,usada,ordem de grandeza apenas (base judicial distinta)
F24,CNJ,Portal BNMP (consulta pública),oficial (sistema),https://portalbnmp.cnj.jus.br/,2026-10-07,,descartada,acesso bloqueado (HTTP 403 e captcha)
F25,CNJ,Painéis analíticos (Qlik),oficial (painel dinâmico),https://paineisanalytics.cnj.jus.br/,2026-10-07,,descartada,painel dinâmico sem arquivo estático
F26,STF,Inteiro teor do acórdão da ADPF 347 (portal/redir),oficial,https://redir.stf.jus.br/paginadorpub/paginador.jsp?docTP=TP&docID=10300665,2026-10-07,,descartada,portal.stf.jus.br e www.stf.jus.br retornaram HTTP 403; redir retornou 202 sem conteúdo
F27,FBSP,Anuário Brasileiro de Segurança Pública 2026 (PDF e planilha),complementar (prioridade 4),https://publicacoes.forumseguranca.org.br/items/bb542342-3cf8-47a5-a51d-a0eb911914b9,2026-10-07,brutos/br_fbsp_anuario2026.pdf; brutos/br_fbsp_anuario2026_planilha.xlsx; brutos/br_fbsp_anuario2026_item.html,usada,
F28,ICPR/Birkbeck,World Prison Brief - Brazil,complementar (prioridade 4),https://www.prisonstudies.org/country/brazil,2026-10-07,brutos/br_wpb_brasil.html,usada,
F29,DEPPEN-PR / Polícia Penal,Endereços - todas as regionais,oficial (prioridade 3),https://www.policiapenal.pr.gov.br/enderecos-deppen,2026-10-07,brutos/pr_deppen_enderecos-todas-regionais_p0.html a p14.html,usada,diretório de endereços (150 entradas); não é contagem oficial
F30,DEPPEN-PR / Polícia Penal,Endereços - Regional Maringá (R5),oficial (prioridade 3),https://www.policiapenal.pr.gov.br/enderecos-deppen-regional-maringa,2026-10-07,brutos/pr_deppen_enderecos-regional-maringa.html; brutos/pr_deppen_enderecos-regional-maringa_p1.html,usada,
F31,DEPPEN-PR / Polícia Penal,Página da Penitenciária Estadual de Maringá - PEM,oficial (prioridade 3),https://www.policiapenal.pr.gov.br/Endereco/PENITENCIARIA-ESTADUAL-DE-MARINGA-PEM,2026-10-07,brutos/pr_deppen_endereco_penitenciaria-estadual-de-maringa-pem.html,usada,
F32,DEPPEN-PR / Polícia Penal,Página da Casa de Custódia de Maringá - CCM,oficial (prioridade 3),https://www.policiapenal.pr.gov.br/Endereco/CASA-DE-CUSTODIA-DE-MARINGA-CCM,2026-10-07,brutos/pr_deppen_endereco_casa-de-custodia-de-maringa-ccm.html,usada,
F33,DEPPEN-PR / Polícia Penal,Página da Colônia Penal Industrial de Maringá - CPIM,oficial (prioridade 3),https://www.policiapenal.pr.gov.br/Endereco/COLONIA-PENAL-INDUSTRIAL-DE-MARINGA-CPIM,2026-10-07,brutos/pr_deppen_endereco_colonia-penal-industrial-de-maringa-cpim.html,usada,
F34,DEPPEN-PR / Polícia Penal,Transparência e Relatório de Informações SISDEPEN,oficial (prioridade 3),https://www.policiapenal.pr.gov.br/Pagina/Relatorio-de-Informacoes-SISDEPEN,2026-10-07,brutos/pr_policiapenal_relatorio-informacoes-sisdepen.html; brutos/pr_policiapenal_transparencia.html,consultada,remete a painéis BI/Qlik dinâmicos; sem arquivo estático do 2º sem. 2025
F35,DPE-PR,Relatório de inspeção - PEM (inspeção 13/05/2025),oficial (prioridade 3),https://www.defensoriapublica.pr.def.br/sites/default/arquivos_restritos/files/documento/2025-10/relatorio_inspecao_pem.pdf,2026-10-07,brutos/pr_dpe_relatorio-inspecao-pem_2025-10.pdf,usada,
F36,DPE-PR,Relatório de inspeção - CCM (inspeção 21/03/2025),oficial (prioridade 3),https://www.defensoriapublica.pr.def.br/sites/default/arquivos_restritos/files/documento/2025-03/relatorio_inspecao_ccm_1.pdf,2026-10-07,brutos/pr_dpe_relatorio-inspecao-ccm_2025-03.pdf,usada,
F37,DPE-PR,Relatório de inspeção - CPIM (inspeção 08/08/2025),oficial (prioridade 3),https://www.defensoriapublica.pr.def.br/sites/default/arquivos_restritos/files/documento/2025-09/relatorio_inspecao_cpim_final.pdf,2026-10-07,brutos/pr_dpe_relatorio-inspecao-cpim_2025-09.pdf,usada,
F38,DPE-PR,Relatório de inspeção - Cadeia Pública de Maringá,oficial (prioridade 3),https://www.defensoriapublica.pr.def.br/sites/default/arquivos_restritos/files/documento/2025-09/relatorio_inspecao_-_cadeia_publica_de_maringa_assinado_0.pdf,2026-10-07,brutos/pr_dpe_relatorio-inspecao-cadeia-publica-maringa_2025-09.pdf,usada,
F39,DPE-PR,Páginas de relatórios de inspeção e recomendações do NUPEP,oficial,https://www.defensoriapublica.pr.def.br/Pagina/Relatorios-de-inspecoes-em-unidades-prisionais,2026-10-07,brutos/pr_dpe_pagina-relatorios-inspecoes-unidades-prisionais.html; brutos/pr_dpe_pagina-recomendacoes-nupep.html,consultada,índice para localizar F35-F38
F40,DPE-PR,Relatório de inspeção - CCM (2023),oficial,https://www.defensoriapublica.pr.def.br/sites/default/arquivos_restritos/files/documento/2023-03/relatorio_inspecao_ccm_ok_1.pdf,2026-10-07,,descartada,fora do recorte temporal (substituído pelo relatório de 2025)
F41,SENAPPEN,RELIPEN de ciclos anteriores (ex.: 16º ciclo),oficial,https://www.gov.br/senappen/pt-br/servicos/sisdepen/relatorios,2026-10-07,,descartada,desatualizado frente ao 19º ciclo
F42,IPEA,Portal www.ipea.gov.br (versão HTML do relatório),complementar,https://www.ipea.gov.br/portal/publicacao-item?id=533c03b7-96bb-400c-b30e-c422c87632f9,2026-10-07,,descartada,robots.txt restritivo; usado o repositório institucional (F13)
F43,UFRGS,Artigo acadêmico com total de 938.072 pessoas presas,complementar,,2026-10-07,,descartada,não informa ciclo/data de referência do dado
F44,TJSP,Boletim estadual sobre CNIEP,oficial (outra UF),,2026-10-07,,descartada,fora do recorte (SP); usado apenas para confirmar que o CNIEP não traz vagas
F45,Bem Paraná / AEN / Maringá Post / bnews / Itatiaia / Mais Goiás,Matérias jornalísticas diversas,jornalismo (prioridade 5),,2026-10-07,,descartada,usadas só como pista para localizar documentos oficiais
F46,CNJ,Resolução CNJ nº 499/2012,oficial,https://atos.cnj.jus.br/,2026-10-07,,descartada,não baixada; não necessária para os indicadores
F47,SENAPPEN / Governo do PR,Plano de trabalho Senappen-PR 2025 (cita 129 estabelecimentos),oficial,,2026-10-07,,descartada,[PENDENTE: PDF não localizado/baixado]
