ciclo,referencia_semestre,data_referencia,tipo_registro_sisdepen,ambito,nome_estabelecimento,outras_denominacoes,uf,municipio,codigo_ibge,sexo_destinado,tipo_destinado_regime,gestao,cap_provisorios,cap_fechado,cap_semiaberto,cap_aberto,cap_rdd,cap_ms_internacao,cap_outros,cap_total_masc,cap_total_fem,cap_total,vagas_desativadas,pop_provisorios,pop_fechado,pop_semiaberto,pop_aberto,pop_ms_internacao,pop_ms_ambulatorial,pop_total,pop_rdd
19,2025/2,2025-12-31,Cela física,Estadual,CADEIA PÚBLICA DE ALTO PARANÁ – CPAP,,PR,Alto Paraná,4100608,Feminino,Estabelecimento destinado ao recolhimento de presos provisórios,Pública,70,0,0,0,0,0,0,0,70,70,0,48,22,0,0,0,0,70,0
19,2025/2,2025-12-31,Cela física,Estadual,CADEIA PÚBLICA DE ALTÔNIA – CPALT,,PR,Altônia,4100509,Feminino,Estabelecimento destinado a diversos tipos de regime,Pública,7,34,0,0,0,0,0,2,39,41,0,8,34,0,0,0,0,42,0
19,2025/2,2025-12-31,Cela física,Estadual,CADEIA PUBLICA DE APUCARANA,17ª SDP APUCARANA,PR,Apucarana,4101408,Masculino,Estabelecimento destinado ao recolhimento de presos provisórios,Pública,152,0,0,0,0,0,0,152,0,152,0,180,227,4,0,0,0,411,0
19,2025/2,2025-12-31,Cela física,Estadual,CASA DE CUSTODIA DE ARAPONGAS,22ª SDP ARAPONGAS,PR,Arapongas,4101507,Masculino,Estabelecimento destinado ao cumprimento de pena em regime fechado,Pública,1,286,0,0,0,0,0,286,1,287,0,82,211,1,0,0,0,294,0
19,2025/2,2025-12-31,Cela física,Estadual,CADEIA PUBLICA DE ARAPOTI,DP ARAPOTI,PR,Arapoti,4101606,Masculino,Estabelecimento destinado ao cumprimento de pena em regime fechado,Pública,31,37,0,0,0,0,0,68,0,68,0,31,37,0,0,0,0,68,0
19,2025/2,2025-12-31,Cela física,Estadual,CADEIA PÚBLICA DE ARAUCÁRIA - CPARAU,,PR,Araucária,4101804,Masculino,Estabelecimento destinado ao recolhimento de presos provisórios,Pública,27,36,0,0,0,0,0,63,0,63,0,27,36,0,0,0,0,63,0
19,2025/2,2025-12-31,Cela física,Estadual,CENTRO DE REINTEGRACAO SOCIAL DE ASSAI,34ª DRP ASSAI,PR,Assaí,4101903,Masculino,Estabelecimento destinado ao cumprimento de pena em regime semiaberto,Pública,0,3,279,0,0,0,0,282,0,282,0,0,3,279,0,0,0,282,0
19,2025/2,2025-12-31,Cela física,Estadual,CADEIA PÚBLICA DE ASSIS CHATEAUBRIAND - CPASSIS,,PR,Assis Chateaubriand,4102000,Masculino,Estabelecimento destinado ao recolhimento de presos provisórios,Pública,90,0,0,0,0,0,0,90,0,90,0,95,8,0,0,0,0,103,0
19,2025/2,2025-12-31,Cela física,Estadual,CADEIA PÚBLICA DE ASTORGA - CPAST,,PR,Astorga,4102109,Feminino,Estabelecimento destinado ao recolhimento de presos provisórios,Pública,59,0,0,0,0,0,0,0,59,59,0,73,55,0,0,0,0,128,0
19,2025/2,2025-12-31,Cela física,Estadual,CADEIA PÚBLICA DE BANDEIRANTES - CPBAND,,PR,Bandeirantes,4102406,Masculino,Estabelecimento destinado ao recolhimento de presos provisórios,Pública,51,0,0,0,0,0,0,51,0,51,0,25,112,0,0,0,0,137,0
19,2025/2,2025-12-31,Cela física,Estadual,Associação de Proteção e Assistência ao Condenado de Barracão,,PR,Barracão,4102604,Masculino,Estabelecimento destinado ao cumprimento de pena em regime fechado,Organizações sem fins lucrativos,0,38,20,0,0,0,0,58,0,58,0,0,36,15,0,0,0,51,0
19,2025/2,2025-12-31,Cela física,Estadual,CADEIA PUBLICA DE CAMBARA,DP CAMBARA,PR,Cambará,4103602,Masculino,Estabelecimento destinado ao recolhimento de presos provisórios,Pública,50,69,0,0,0,0,0,119,0,119,0,50,69,0,0,0,0,119,0
19,2025/2,2025-12-31,Cela física,Estadual,CADEIA PÚBLICA DE CAMBÉ - CPCABE,,PR,Cambé,4103701,Masculino,Estabelecimento destinado ao recolhimento de presos provisórios,Pública,134,0,0,0,0,0,0,134,0,134,0,98,109,3,0,0,0,210,0
19,2025/2,2025-12-31,Cela física,Estadual,CADEIA PUBLICA DE CAMPINA DA LAGOA - CPCLAG,,PR,Campina da Lagoa,4103909,Masculino,Estabelecimento destinado ao recolhimento de presos provisórios,Pública,24,15,0,0,0,0,9,48,0,48,0,33,15,0,0,0,0,48,0
19,2025/2,2025-12-31,Cela física,Estadual,CADEIA PUBLICA DE CAMPO LARGO,3ª DRP CAMPO LARGO,PR,Campo Largo,4104204,Misto,Estabelecimento destinado ao recolhimento de presos provisórios,Pública,1,115,0,0,0,0,0,116,0,116,0,1,115,0,0,0,0,116,0
19,2025/2,2025-12-31,Cela física,Estadual,CADEIA PÚBLICA DE CAMPO MOURÃO - CPCAMP I,,PR,Campo Mourão,4104303,Misto,Estabelecimento destinado ao recolhimento de presos provisórios,Pública,86,0,0,0,0,0,0,19,67,86,0,60,65,0,0,0,0,125,0
19,2025/2,2025-12-31,Cela física,Estadual,PENITENCIARIA ESTADUAL DE CAMPO MOURÃO,,PR,Campo Mourão,4104303,Masculino,Estabelecimento destinado ao cumprimento de pena em regime fechado,Pública,0,382,0,0,0,0,0,382,0,382,0,251,298,0,0,0,0,549,0
19,2025/2,2025-12-31,Cela física,Estadual,CADEIA PUBLICA DE CAPANEMA - CPCP,,PR,Capanema,4104501,Masculino,Estabelecimento destinado ao recolhimento de presos provisórios,Pública,65,0,0,0,0,0,0,65,0,65,0,58,78,0,0,0,0,136,0
19,2025/2,2025-12-31,Cela física,Estadual,CADEIA PÚBLICA DE CARLÓPOLIS - CPCARL,,PR,Carlópolis,4104709,Masculino,Estabelecimento destinado ao recolhimento de presos provisórios,Co-gestão,61,32,1,0,0,0,0,94,0,94,0,61,32,1,0,0,0,94,0
19,2025/2,2025-12-31,Cela física,Estadual,CADEIA PUBLICA DE CASCAVEL,15ª SDP CASCAVEL,PR,Cascavel,4104808,Masculino,Estabelecimento destinado ao recolhimento de presos provisórios,Pública,20,30,81,0,0,0,0,131,0,131,0,57,30,44,0,0,0,131,0
19,2025/2,2025-12-31,Cela física,Estadual,PENITENCIÁRIA  ESTADUAL THIAGO BORGES DE CARVALHO - PETBC,,PR,Cascavel,4104808,Masculino,Estabelecimento destinado ao cumprimento de pena em regime fechado,Pública,0,2178,0,0,0,0,0,1089,1089,2178,0,598,1009,0,0,0,0,1607,0
19,2025/2,2025-12-31,Cela física,Estadual,PENITENCIÁRIA INDUSTRIAL MARCELO PINHEIRO - PIMP,,PR,Cascavel,4104808,Masculino,Estabelecimento destinado ao cumprimento de pena em regime fechado,Pública,0,360,0,0,0,0,0,360,0,360,0,8,435,0,0,0,0,443,0
19,2025/2,2025-12-31,Cela física,Estadual,CADEIA PUBLICA DE CASTRO,43ª DRP CASTRO,PR,Castro,4104907,Masculino,Estabelecimento destinado ao recolhimento de presos provisórios,Pública,60,0,0,0,0,0,0,60,0,60,0,99,57,0,0,0,0,156,0
19,2025/2,2025-12-31,Cela física,Federal,Penitenciária Federal em Catanduvas,,PR,Catanduvas,4105003,Masculino,Estabelecimento destinado ao cumprimento de pena em regime fechado,Pública,0,208,0,0,0,0,0,208,0,208,0,4,131,0,0,0,0,135,2
19,2025/2,2025-12-31,Cela física,Estadual,CADEIA PUBLICA DE CIANORTE,21ª SDP CIANORTE,PR,Cianorte,4105508,Masculino,Estabelecimento destinado ao recolhimento de presos provisórios,Pública,131,38,0,0,0,0,0,167,2,169,0,130,38,0,0,0,0,168,0
19,2025/2,2025-12-31,Cela física,Estadual,CADEIA PÚBLICA DE CIDADE GAÚCHA– CPCIG,,PR,Cidade Gaúcha,4105607,Masculino,Estabelecimento destinado ao recolhimento de presos provisórios,Pública,0,21,0,0,0,0,0,21,0,21,0,4,37,0,0,0,0,41,0
19,2025/2,2025-12-31,Cela física,Estadual,CADEIA PÚBLICA DE COLOMBO - CMBO,,PR,Colombo,4105805,Masculino,Estabelecimento destinado ao recolhimento de presos provisórios,Pública,58,86,0,0,0,0,0,142,2,144,0,58,86,0,0,0,0,144,0
19,2025/2,2025-12-31,Cela física,Estadual,CADEIA PÚBLICA DE COLORADO – CPCOL,,PR,Colorado,4105904,Masculino,Estabelecimento destinado ao recolhimento de presos provisórios,Pública,68,0,0,0,0,0,0,68,0,68,0,52,75,0,0,0,0,127,0
19,2025/2,2025-12-31,Cela física,Estadual,CADEIA PÚBLICA DE CORBÉLIA - CPCORB,,PR,Corbélia,4106308,Feminino,Estabelecimento destinado ao recolhimento de presos provisórios,Pública,42,63,0,0,0,0,8,0,113,113,0,42,63,0,0,0,0,105,0
19,2025/2,2025-12-31,Cela física,Estadual,CADEIA PUBLICA DE CORNELIO PROCOPIO,11ª SDP CORNELIO PROCOPIO,PR,Cornélio Procópio,4106407,Masculino,Estabelecimento destinado ao recolhimento de presos provisórios,Pública,310,0,0,0,0,0,0,309,1,310,0,261,150,3,0,0,0,414,0
19,2025/2,2025-12-31,Cela física,Estadual,PENITENCIÁRIA ESTADUAL DE CRUZEIRO DO OESTE - PECO,,PR,Cruzeiro do Oeste,4106605,Masculino,Estabelecimento destinado ao cumprimento de pena em regime fechado,Pública,0,1108,0,0,0,0,0,1108,0,1108,0,124,1168,0,0,0,0,1292,0
19,2025/2,2025-12-31,Cela física,Estadual,CADEIA PUBLICA DE CURITIBA,11º DISTRITO POLICIAL DE CURITIBA | 11º DISTRITO DA DPCAP,PR,Curitiba,4106902,Misto,Estabelecimento destinado ao recolhimento de presos provisórios,Pública,192,0,0,0,0,0,0,177,15,192,0,0,369,0,0,0,0,369,0
19,2025/2,2025-12-31,Cela física,Estadual,CASA DE CUSTÓDIA DE CURITIBA - CCC,,PR,Curitiba,4106902,Masculino,Estabelecimento destinado ao cumprimento de pena em regime fechado,Pública,0,534,0,0,0,0,0,534,0,534,0,11,755,0,0,0,0,766,0
19,2025/2,2025-12-31,Cela física,Estadual,CADEIA PÚBLIDA DE DOIS VIZINHOS - CPDV,,PR,Dois Vizinhos,4107207,Misto,Estabelecimento destinado ao recolhimento de presos provisórios,Pública,0,0,0,0,0,0,98,42,56,98,0,134,64,1,0,0,0,199,0
19,2025/2,2025-12-31,Cela física,Estadual,CADEIA PÚBLICA DE ENGENHEIRO BELTRÃO - CPEB,,PR,Engenheiro Beltrão,4107504,Masculino,Estabelecimento destinado ao recolhimento de presos provisórios,Pública,29,0,0,0,0,0,0,29,0,29,0,41,48,0,0,0,0,89,0
19,2025/2,2025-12-31,Cela física,Estadual,CADEIA PÚBLICA DE FAXINAL - CPFAXI,,PR,Faxinal,4107603,Masculino,Estabelecimento destinado ao recolhimento de presos provisórios,Pública,66,0,0,0,0,0,0,66,0,66,0,35,86,0,0,0,0,121,0
19,2025/2,2025-12-31,Cela física,Estadual,CADEIA PÚBLICA LAUDEMIR NEVES - CPLN,,PR,Foz do Iguaçu,4108304,Masculino,Estabelecimento destinado ao recolhimento de presos provisórios,Pública,386,0,0,0,0,0,0,386,0,386,0,359,135,55,51,0,0,600,0
19,2025/2,2025-12-31,Cela física,Estadual,PENITENCIARIA ESTADUAL DE FOZ DO IGUAÇU III,,PR,Foz do Iguaçu,4108304,Masculino,Estabelecimento destinado ao cumprimento de pena em regime fechado,Pública,0,576,0,0,0,0,0,576,0,576,0,0,535,0,0,0,0,535,0
19,2025/2,2025-12-31,Cela física,Estadual,PENITENCIÁRIA ESTADUAL DE FOZ DO IGUAÇU - PEF,,PR,Foz do Iguaçu,4108304,Masculino,Estabelecimento destinado ao cumprimento de pena em regime fechado,Pública,0,523,0,0,0,0,0,523,0,523,0,8,562,0,0,0,0,570,0
19,2025/2,2025-12-31,Cela física,Estadual,PENITENCIÁRIA ESTADUAL DE FOZ DO IGUAÇU 2 - PEF II,,PR,Foz do Iguaçu,4108304,Masculino,Estabelecimento destinado ao cumprimento de pena em regime fechado,Pública,0,1047,0,0,0,0,0,1047,0,1047,0,85,1030,19,0,2,0,1136,0
19,2025/2,2025-12-31,Cela física,Estadual,PENITENCIÁRIA ESTADUAL DE FOZ DO IGUAÇU-IV,,PR,Foz do Iguaçu,4108304,Masculino,Estabelecimento destinado ao cumprimento de pena em regime fechado,Pública,0,754,0,0,0,0,0,754,0,754,0,22,847,16,6,0,0,891,0
19,2025/2,2025-12-31,Cela física,Estadual,PENITENCIÁRIA FEMININA DE FOZ DO IGUAÇÚ - UNIDADE DE PROGRESSÃO - PFF-UP,CRESF | PFFP,PR,Foz do Iguaçu,4108304,Feminino,Estabelecimento destinado a diversos tipos de regime,Pública,50,207,0,0,0,0,0,0,257,257,0,257,0,0,0,0,0,257,0
19,2025/2,2025-12-31,Cela física,Estadual,CADEIA PÚBLICA DE FRANCISCO BELTRÃO – CPBELT,,PR,Francisco Beltrão,4108403,Misto,Estabelecimento destinado ao recolhimento de presos provisórios,Pública,58,0,0,0,0,0,0,48,10,58,0,107,41,0,0,0,0,148,0
19,2025/2,2025-12-31,Cela física,Estadual,PENITENCIÁRIA ESTADUAL DE FRANCISCO BELTRÃO - PEFB,,PR,Francisco Beltrão,4108403,Masculino,Estabelecimento destinado ao cumprimento de pena em regime fechado,Pública,408,1546,0,0,0,0,0,1954,0,1954,0,407,1138,0,0,0,0,1545,0
19,2025/2,2025-12-31,Cela física,Estadual,CADEIA PÚBLICA DE GOIOERÊ– CPGOI,,PR,Goioerê,4108601,Feminino,Estabelecimento destinado ao recolhimento de presos provisórios,Pública,0,48,0,0,0,0,0,0,48,48,0,81,71,0,0,0,0,152,0
19,2025/2,2025-12-31,Cela física,Estadual,CADEIA PUBLICA DE GUARAPUAVA,14ª SDP GUARAPUAVA,PR,Guarapuava,4109401,Masculino,Estabelecimento destinado ao recolhimento de presos provisórios,Pública,216,0,0,0,0,0,0,216,0,216,0,295,195,0,0,0,0,490,0
19,2025/2,2025-12-31,Cela física,Estadual,PENITENCIÁRIA ESTADUAL DE GUARAPUAVA - UNIDADE DE PROGRESSÃO - PEG-UP,RAGP,PR,Guarapuava,4109401,Masculino,Estabelecimento destinado ao cumprimento de pena em regime fechado,Pública,0,270,0,0,0,0,0,270,0,270,0,0,310,0,0,0,0,310,0
19,2025/2,2025-12-31,Cela física,Estadual,PENITENCIÁRIA INDUSTRIAL DE GUARAPUAVA - PIG,,PR,Guarapuava,4109401,Masculino,Estabelecimento destinado ao cumprimento de pena em regime fechado,Pública,0,340,0,0,0,0,0,340,0,340,0,2,503,0,0,0,0,505,0
19,2025/2,2025-12-31,Cela física,Estadual,CADEIA PÚBLICA DE GUARATUBA - CPGTBA,,PR,Guaratuba,4109609,Misto,Estabelecimento destinado ao recolhimento de presos provisórios,Pública,68,0,0,0,0,0,0,67,1,68,0,0,68,0,0,0,0,68,0
19,2025/2,2025-12-31,Cela física,Estadual,PENITENCIARIA ESTADUAL DE GUAIRA,,PR,Guaíra,4108809,Masculino,Estabelecimento destinado ao cumprimento de pena em regime fechado,Pública,197,1048,0,0,0,0,0,1245,0,1245,0,197,849,0,0,0,0,1046,0
19,2025/2,2025-12-31,Cela física,Estadual,CADEIA PUBLICA DE IBAITI,37ª DRP IBAITI,PR,Ibaiti,4109708,Masculino,Estabelecimento destinado ao cumprimento de pena em regime fechado,Pública,42,126,2,0,0,0,0,170,0,170,0,0,126,2,0,0,0,128,0
19,2025/2,2025-12-31,Cela física,Estadual,CADEIA PÚBLICA DE IBIPORÃ - CPIBIPORA,,PR,Ibiporã,4109807,Masculino,Estabelecimento destinado ao recolhimento de presos provisórios,Pública,55,0,0,0,0,0,0,55,0,55,0,41,127,2,0,0,0,170,0
19,2025/2,2025-12-31,Cela física,Estadual,CADEIA PÚBLICA DE IPORÃ– CPIPO,,PR,Iporã,4110607,Masculino,Estabelecimento destinado ao cumprimento de pena em regime fechado,Pública,10,50,0,0,0,0,0,58,2,60,0,15,41,0,0,0,0,56,0
19,2025/2,2025-12-31,Cela física,Estadual,CADEIA PÚBLICA DE IRATI – CPIRATI,,PR,Irati,4110706,Masculino,Estabelecimento destinado ao recolhimento de presos provisórios,Pública,60,0,0,0,0,0,0,60,0,60,0,76,46,0,0,0,0,122,0
19,2025/2,2025-12-31,Cela física,Estadual,Associação de Proteção e Assistência ao Condenado de Ivaiporã,,PR,Ivaiporã,4111506,Masculino,Estabelecimento destinado ao cumprimento de pena em regime fechado,Organizações sem fins lucrativos,0,42,40,0,0,0,0,82,0,82,0,0,30,18,0,0,0,48,0
19,2025/2,2025-12-31,Cela física,Estadual,CADEIA PÚBLICA DE IVAIPORÃ - CPIVP,,PR,Ivaiporã,4111506,Masculino,Estabelecimento destinado ao recolhimento de presos provisórios,Pública,75,80,1,0,0,0,0,156,0,156,0,75,80,1,0,0,0,156,0
19,2025/2,2025-12-31,Cela física,Estadual,CADEIA PUBLICA DE JACAREZINHO,12ª SDP JACAREZINHO,PR,Jacarezinho,4111803,Masculino,Estabelecimento destinado ao recolhimento de presos provisórios,Pública,0,105,0,0,0,0,0,105,0,105,0,33,170,1,0,0,0,204,0
19,2025/2,2025-12-31,Cela física,Estadual,CADEIA PUBLICA DE JAGUARIAIVA,42ª DRP JAGUARIAIVA,PR,Jaguariaíva,4112009,Masculino,Estabelecimento destinado ao recolhimento de presos provisórios,Pública,118,0,0,0,0,0,0,118,0,118,0,145,59,0,0,0,0,204,0
19,2025/2,2025-12-31,Cela física,Estadual,CADEIA PÚBLICA DE JANDAIA DO SUL – CPJS,,PR,Jandaia do Sul,4112108,Masculino,Estabelecimento destinado ao recolhimento de presos provisórios,Pública,0,40,0,0,0,0,0,40,0,40,0,0,78,0,0,0,0,78,0
19,2025/2,2025-12-31,Cela física,Estadual,CADEIA PUBLICA DE LARANJEIRAS DO SUL,2ª SDP LARANJEIRAS DO SUL,PR,Laranjeiras do Sul,4113304,Masculino,Estabelecimento destinado ao recolhimento de presos provisórios,Pública,86,0,0,0,0,0,0,84,2,86,0,115,62,0,0,0,0,177,0
19,2025/2,2025-12-31,Cela física,Estadual,CADEIA PÚBLICA DE LOANDA – CPLOAN,,PR,Loanda,4113502,Masculino,Estabelecimento destinado ao recolhimento de presos provisórios,Pública,0,102,0,0,0,0,0,102,0,102,0,30,114,0,0,0,0,144,0
19,2025/2,2025-12-31,Cela física,Estadual,CADEIA PUBLICA FEMININA DE LONDRINA,3º DISTRITO POLICIAL DA 10ª SDP DE LONDRINA,PR,Londrina,4113700,Feminino,Estabelecimento destinado ao cumprimento de pena em regime fechado,Pública,0,169,0,0,0,0,0,0,169,169,0,0,269,0,0,0,0,269,0
19,2025/2,2025-12-31,Cela física,Estadual,CASA DE CUSTÓDIA DE LONDRINA - CCL,,PR,Londrina,4113700,Masculino,Estabelecimento destinado ao cumprimento de pena em regime fechado,Pública,93,559,9,0,0,0,0,661,0,661,0,93,559,9,0,0,0,661,0
19,2025/2,2025-12-31,Cela física,Estadual,CENTRO DE REINTEGRAÇÃO SOCIAL DE LONDRINA - CRESLON,,PR,Londrina,4113700,Masculino,Estabelecimento destinado ao cumprimento de pena em regime semiaberto,Pública,0,0,248,0,0,0,0,248,0,248,0,0,0,446,0,0,0,446,0
19,2025/2,2025-12-31,Cela física,Estadual,CENTRO INTEGRADO DE TRIAGEM DE LONDRINA,4º DISTRITO POLICIAL DA 10ª SDP DE LONDRINA,PR,Londrina,4113700,Masculino,Estabelecimento destinado ao recolhimento de presos provisórios,Pública,100,50,3,0,0,0,0,153,0,153,0,95,45,3,0,0,0,143,0
19,2025/2,2025-12-31,Cela física,Estadual,PENITENCIÁRIA ESTADUAL DE LONDRINA - PEL,,PR,Londrina,4113700,Masculino,Estabelecimento destinado ao cumprimento de pena em regime fechado,Pública,0,504,0,0,0,0,0,504,0,504,0,44,743,1,0,0,0,788,0
19,2025/2,2025-12-31,Cela física,Estadual,PENITENCIÁRIA ESTADUAL DE LONDRINA 2 - PEL II,,PR,Londrina,4113700,Masculino,Estabelecimento destinado ao cumprimento de pena em regime fechado,Pública,0,1086,0,0,0,0,0,1086,0,1086,0,0,1205,18,0,0,0,1223,0
19,2025/2,2025-12-31,Cela física,Estadual,PENITENCIÁRIA ESTADUAL DE LONDRINA III - PEL III,,PR,Londrina,4113700,Masculino,Estabelecimento destinado ao cumprimento de pena em regime fechado,Pública,0,1170,0,0,0,0,0,1170,0,1170,0,375,851,3,0,1,0,1230,0
19,2025/2,2025-12-31,Cela física,Estadual,CADEIA PÚBLICA DE MANDAGUARI – CPMGI,,PR,Mand'Águari,4114203,Masculino,Estabelecimento destinado ao recolhimento de presos provisórios,Pública,0,46,0,0,0,0,0,46,0,46,0,15,85,0,0,0,0,100,0
19,2025/2,2025-12-31,Cela física,Estadual,CADEIA PUBLICA DE MANDAGUAÇU - CPMGU,,PR,Mand'Águaçu,4114104,Masculino,Estabelecimento destinado ao recolhimento de presos provisórios,Pública,0,42,0,0,0,0,0,42,0,42,0,3,71,0,0,0,0,74,0
19,2025/2,2025-12-31,Cela física,Estadual,CADEIA PUBLICA DE MANOEL RIBAS - CPMRIBA,,PR,Manoel Ribas,4114500,Masculino,Estabelecimento destinado ao recolhimento de presos provisórios,Pública,50,0,0,0,0,0,0,50,0,50,0,51,43,0,0,0,0,94,0
19,2025/2,2025-12-31,Cela física,Estadual,CADEIA PUBLICA DE MARECHAL CANDIDO RONDON,47ª DP MARECHAL CANDIDO RONDON,PR,Marechal Cândido Rondon,4114609,Masculino,Estabelecimento destinado ao cumprimento de pena em regime fechado,Pública,0,66,0,0,0,0,0,66,0,66,66,39,46,5,0,0,0,90,0
19,2025/2,2025-12-31,Cela física,Estadual,CADEIA PÚBLICA DE MARIALVA - CPMVA,,PR,Marialva,4114807,Masculino,Estabelecimento destinado ao recolhimento de presos provisórios,Pública,40,0,0,0,0,0,0,40,0,40,0,37,72,0,0,0,0,109,0
19,2025/2,2025-12-31,Cela física,Estadual,CADEIA PUBLICA DE MARINGA,9ª SDP MARINGA,PR,Maringá,4115200,Masculino,Estabelecimento destinado ao recolhimento de presos provisórios,Pública,99,0,0,0,0,0,0,97,2,99,0,299,13,0,0,0,0,312,0
19,2025/2,2025-12-31,Cela física,Estadual,CASA DE CUSTODIA DE MARINGA - CCM,,PR,Maringá,4115200,Masculino,Estabelecimento destinado ao recolhimento de presos provisórios,Pública,960,0,0,0,0,0,0,960,0,960,0,289,991,0,0,0,0,1280,0
19,2025/2,2025-12-31,Cela física,Estadual,COLÔNIA PENAL INDUSTRIAL DE MARINGÁ - CPIM,,PR,Maringá,4115200,Masculino,Estabelecimento destinado ao cumprimento de pena em regime semiaberto,Pública,0,0,330,0,0,0,0,330,0,330,0,0,63,367,0,0,0,430,0
19,2025/2,2025-12-31,Cela física,Estadual,PENITENCIÁRIA ESTADUAL DE MARINGÁ - PEM,,PR,Maringá,4115200,Masculino,Estabelecimento destinado ao cumprimento de pena em regime fechado,Pública,1,537,0,0,0,0,0,538,0,538,0,1,537,0,0,0,0,538,0
19,2025/2,2025-12-31,Cela física,Estadual,CADEIA PUBLICA DE MEDIANEIRA,12ª DRP MEDIANEIRA,PR,Medianeira,4115804,Masculino,Estabelecimento destinado ao recolhimento de presos provisórios,Pública,92,0,0,0,0,0,0,90,2,92,0,127,29,0,0,0,0,156,0
19,2025/2,2025-12-31,Cela física,Estadual,CADEIA PÚBLICA DE NOVA ESPERANÇA - CPNE,,PR,Nova Esperança,4116901,Masculino,Estabelecimento destinado ao recolhimento de presos provisórios,Pública,42,34,0,0,0,0,0,76,0,76,0,42,34,0,0,0,0,76,0
19,2025/2,2025-12-31,Cela física,Estadual,CADEIA PÚBLICA DE NOVA LONDRINA - CPNL,,PR,Nova Londrina,4117107,Masculino,Estabelecimento destinado ao recolhimento de presos provisórios,Pública,43,0,0,0,0,0,0,43,0,43,0,49,56,0,0,0,0,105,0
19,2025/2,2025-12-31,Cela física,Estadual,CADEIA PÚBLICA DE ORTIGUEIRA - CPORTG,,PR,Ortigueira,4117305,Masculino,Estabelecimento destinado ao recolhimento de presos provisórios,Pública,52,30,0,0,0,0,0,82,0,82,0,52,30,0,0,0,0,82,0
19,2025/2,2025-12-31,Cela física,Estadual,CADEIA PUBLICA DE PALMAS,DP PALMAS,PR,Palmas,4117602,Masculino,Estabelecimento destinado ao recolhimento de presos provisórios,Pública,154,0,0,0,0,0,0,154,0,154,0,154,41,0,0,0,0,195,0
19,2025/2,2025-12-31,Cela física,Estadual,CADEIA PÚBLICA DE PALOTINA - CPPALO,,PR,Palotina,4117909,Feminino,Estabelecimento destinado ao cumprimento de pena em regime fechado,Pública,7,40,0,0,0,0,0,0,47,47,0,7,40,0,0,0,0,47,0
19,2025/2,2025-12-31,Cela física,Estadual,CADEIA PUBLICA DE PARANACITY - CPPNC,,PR,Paranacity,4118105,Masculino,Estabelecimento destinado ao recolhimento de presos provisórios,Pública,40,106,0,0,0,0,0,146,0,146,0,40,101,5,0,0,0,146,0
19,2025/2,2025-12-31,Cela física,Estadual,CADEIA PUBLICA DE PARANAGUA,1ª SDP PARANAGUA,PR,Paranaguá,4118204,Misto,Estabelecimento destinado ao recolhimento de presos provisórios,Pública,93,0,0,0,0,0,0,90,3,93,93,32,9,0,0,0,0,41,0
19,2025/2,2025-12-31,Cela física,Estadual,CADEIA PUBLICA DE PARANAVAI,8ª SDP PARANAVAI,PR,Paranavaí,4118402,Masculino,Estabelecimento destinado ao recolhimento de presos provisórios,Pública,128,0,0,0,0,0,0,128,0,128,0,215,122,0,0,0,0,337,0
19,2025/2,2025-12-31,Cela física,Estadual,Associação de Proteção e Assistência ao Condenado de Pato Branco,,PR,Pato Branco,4118501,Masculino,Estabelecimento destinado a diversos tipos de regime,Organizações sem fins lucrativos,0,32,27,0,0,0,0,59,0,59,0,0,29,13,0,0,0,42,0
19,2025/2,2025-12-31,Cela física,Estadual,CADEIA PUBLICA DE PATO BRANCO,5ª SDP PATO BRANCO,PR,Pato Branco,4118501,Masculino,Estabelecimento destinado ao cumprimento de pena em regime fechado,Pública,0,193,0,0,0,0,0,193,0,193,0,188,368,0,0,0,0,556,0
19,2025/2,2025-12-31,Cela física,Estadual,COMPLEXO MÉDICO PENAL - CMP,,PR,Pinhais,4119152,Misto,Estabelecimento destinado ao cumprimento de medida de segurança de internação ou tratamento ambulatorial,Pública,0,236,0,0,0,296,0,476,56,532,177,33,423,0,0,5,0,461,0
19,2025/2,2025-12-31,Cela física,Estadual,CADEIA PUBLICA DE PINHAO - CPPINH,,PR,Pinhão,4119301,Masculino,Estabelecimento destinado ao recolhimento de presos provisórios,Pública,32,0,0,0,0,0,0,32,0,32,0,68,5,0,0,0,0,73,0
19,2025/2,2025-12-31,Cela física,Estadual,CASA DE CUSTÓDIA DE PIRAQUARA - CCP,,PR,Piraquara,4119509,Masculino,Estabelecimento destinado ao recolhimento de presos provisórios,Pública,1460,0,0,0,0,0,0,1460,0,1460,0,1005,416,150,164,3,0,1738,0
19,2025/2,2025-12-31,Cela física,Estadual,CENTRO DE INTEGRAÇÃO SOCIAL - CIS,,PR,Piraquara,4119509,Feminino,Estabelecimento destinado ao cumprimento de pena em regime fechado,Pública,0,162,0,0,0,0,0,0,162,162,0,0,151,0,0,0,0,151,0
19,2025/2,2025-12-31,Cela física,Estadual,COLÔNIA PENAL AGROINDUSTRIAL DO ESTADO DO PARANA - CPAI,,PR,Piraquara,4119509,Masculino,Estabelecimento destinado a diversos tipos de regime,Pública,0,180,360,0,0,0,80,620,0,620,0,0,208,457,0,0,0,665,0
19,2025/2,2025-12-31,Cela física,Estadual,PENITENCIÁRIA CENTRAL DO ESTADO - UNIDADE DE PROGRESSÃO - PCE-UP,,PR,Piraquara,4119509,Masculino,Estabelecimento destinado ao cumprimento de pena em regime fechado,Pública,0,588,0,0,0,0,0,588,0,588,0,0,544,0,0,0,0,544,0
19,2025/2,2025-12-31,Cela física,Estadual,PENITENCIÁRIA CENTRAL DO ESTADO II - UNIDADE DE SEGURANÇA - PCE II-US,,PR,Piraquara,4119509,Masculino,Estabelecimento destinado ao cumprimento de pena em regime fechado,Pública,0,1440,0,0,0,0,0,1440,0,1440,0,0,1820,0,0,0,0,1820,0
19,2025/2,2025-12-31,Cela física,Estadual,PENITENCIÁRIA ESTADUAL DE PIRAQUARA - PEP,,PR,Piraquara,4119509,Masculino,Estabelecimento destinado ao cumprimento de pena em regime fechado,Pública,0,700,0,0,0,0,0,700,0,700,0,9,697,0,0,0,0,706,0
19,2025/2,2025-12-31,Cela física,Estadual,PENITENCIÁRIA ESTADUAL DE PIRAQUARA 2 - PEPII,,PR,Piraquara,4119509,Masculino,Estabelecimento destinado ao cumprimento de pena em regime fechado,Pública,0,1120,0,0,0,0,0,1120,0,1120,0,69,1220,0,0,0,0,1289,0
19,2025/2,2025-12-31,Cela física,Estadual,PENITENCIÁRIA FEMININA DO PARANÁ - PFP,,PR,Piraquara,4119509,Feminino,Estabelecimento destinado ao cumprimento de pena em regime fechado,Pública,0,406,0,0,0,0,0,0,406,406,0,151,335,0,0,0,0,486,0
19,2025/2,2025-12-31,Cela física,Estadual,Penitenciaria de Integração Social de Piraquara- PISP,,PR,Piraquara,4119509,Masculino,Estabelecimento destinado a diversos tipos de regime,Pública,358,235,0,0,0,0,0,593,0,593,0,358,235,0,0,0,0,593,0
19,2025/2,2025-12-31,Cela física,Estadual,CADEIA PÚBLICA DE PITANGA - CPPITA,,PR,Pitanga,4119608,Feminino,Estabelecimento destinado ao recolhimento de presos provisórios,Pública,58,37,0,0,0,0,0,0,95,95,0,58,37,0,0,0,0,95,0
19,2025/2,2025-12-31,Cela física,Estadual,CASA DE CUSTÓDIA DE PONTA GROSSA HILDEBRANDO DE SOUZA,,PR,Ponta Grossa,4119905,Misto,Estabelecimento destinado ao recolhimento de presos provisórios,Pública,342,0,0,0,0,0,0,240,102,342,0,565,258,0,0,0,0,823,0
19,2025/2,2025-12-31,Cela física,Estadual,PENITENCIARIA ESTADUAL DE PONTA GROSSA II - UNIDADE DE SEGURANÇA - LODEVAL DOS SANTOS RIBAS,,PR,Ponta Grossa,4119905,Masculino,Estabelecimento destinado ao cumprimento de pena em regime fechado,Pública,73,793,0,0,0,0,0,866,0,866,0,0,866,0,0,0,0,866,0
19,2025/2,2025-12-31,Cela física,Estadual,PENITENCIÁRIA ESTADUAL DE PONTA GROSSA - UNIDADE DE PROGRESSÃO - PEPG-UP,CRAPG | PPGP,PR,Ponta Grossa,4119905,Masculino,Estabelecimento destinado ao cumprimento de pena em regime fechado,Pública,0,280,0,0,0,0,0,280,0,280,0,0,274,0,0,0,0,274,0
19,2025/2,2025-12-31,Cela física,Estadual,PENITENCIÁRIA ESTADUAL DE PONTA GROSSA - UNIDADE DE SEGURANÇA - PEPG-US,PEPG | PPGS,PR,Ponta Grossa,4119905,Masculino,Estabelecimento destinado ao cumprimento de pena em regime fechado,Pública,0,432,0,0,0,0,0,432,0,432,0,0,533,146,0,0,0,679,0
19,2025/2,2025-12-31,Cela física,Estadual,CADEIA PUBLICA DE PORECATU,31ª DRP PORECATU,PR,Porecatu,4120002,Masculino,Estabelecimento destinado ao cumprimento de pena em regime fechado,Pública,0,79,0,0,0,0,0,79,0,79,0,30,100,0,0,0,0,130,0
19,2025/2,2025-12-31,Cela física,Estadual,CADEIA PÚBLICA DE PRUDENTÓPOLIS - CPPRUDE,,PR,Prudentópolis,4120606,Masculino,Estabelecimento destinado ao recolhimento de presos provisórios,Pública,30,71,0,0,0,0,0,101,0,101,0,30,71,0,0,0,0,101,0
19,2025/2,2025-12-31,Cela física,Estadual,CADEIA PÚBLICA DE QUEDAS DO IGUAÇU - CPQI,,PR,Quedas do Iguaçu,4120903,Masculino,Estabelecimento destinado ao recolhimento de presos provisórios,Pública,32,0,0,0,0,0,0,32,0,32,0,34,65,0,0,0,0,99,0
19,2025/2,2025-12-31,Cela física,Estadual,CADEIA PÚBLICA DE RESERVA - CPRES,,PR,Reserva,4121703,Masculino,Estabelecimento destinado ao recolhimento de presos provisórios,Pública,43,0,0,0,0,0,0,43,0,43,0,28,59,0,0,0,0,87,0
19,2025/2,2025-12-31,Cela física,Estadual,CADEIA PUBLICA DE RIO NEGRO - CPRN,,PR,Rio Negro,4122305,Masculino,Estabelecimento destinado ao recolhimento de presos provisórios,Pública,54,0,0,0,0,0,0,54,0,54,0,10,50,0,0,0,0,60,0
19,2025/2,2025-12-31,Cela física,Estadual,CADEIA PUBLICA DE ROLANDIA,29ª DRP ROLANDIA,PR,Rolândia,4122404,Masculino,Estabelecimento destinado ao recolhimento de presos provisórios,Pública,129,127,1,0,0,0,0,257,0,257,0,129,127,1,0,0,0,257,0
19,2025/2,2025-12-31,Cela física,Estadual,CADEIA PUBLICA DE SANTO ANTONIO DA PLATINA,38ª DRP SANTO ANTONIO DA PLATINA,PR,Santo Antônio da Platina,4124103,Feminino,Estabelecimento destinado ao cumprimento de pena em regime fechado,Pública,0,68,0,0,0,0,0,0,68,68,0,33,77,0,0,0,0,110,0
19,2025/2,2025-12-31,Cela física,Estadual,CADEIA PÚBLICA DE STO ANTÔNIO DO SUDOESTE - CPSAS,,PR,Santo Antônio do Sud'Oeste,4124400,Masculino,Estabelecimento destinado ao cumprimento de pena em regime fechado,Pública,36,159,0,0,0,0,0,195,0,195,0,36,159,0,0,0,0,195,0
19,2025/2,2025-12-31,Cela física,Estadual,CADEIA PUBLICA DE SARANDI,DP SARANDI,PR,Sarandi,4126256,Masculino,Estabelecimento destinado ao recolhimento de presos provisórios,Parceria Público-Privada,68,0,0,0,0,0,0,68,0,68,0,64,181,0,0,0,0,245,0
19,2025/2,2025-12-31,Cela física,Estadual,CADEIA PUBLICA DE SENGES,DP SENGES,PR,Sengés,4126306,Misto,Estabelecimento destinado ao recolhimento de presos provisórios,Pública,50,0,0,0,0,0,15,15,50,65,0,6,84,0,0,0,0,90,0
19,2025/2,2025-12-31,Cela física,Estadual,CASA DE CUSTÓDIA DE SÃO JOSÉ DOS PINHAIS - CCSJP,,PR,São José dos Pinhais,4125506,Masculino,Estabelecimento destinado ao recolhimento de presos provisórios,Pública,381,669,0,0,0,0,0,1050,0,1050,0,381,669,0,0,0,0,1050,0
19,2025/2,2025-12-31,Cela física,Estadual,CADEIA PÚBLICA DE SÃO MATEUS DO SUL - CPSMS,,PR,São Mateus do Sul,4125605,Masculino,Estabelecimento destinado ao recolhimento de presos provisórios,Pública,47,0,0,0,0,0,0,44,3,47,0,209,54,0,0,1,0,264,0
19,2025/2,2025-12-31,Cela física,Estadual,CADEIA PUBLICA DE TELEMACO BORBA,18ª SDP TELEMACO BORBA,PR,Telêmaco Borba,4127106,Masculino,Estabelecimento destinado ao recolhimento de presos provisórios,Co-gestão,123,0,0,0,0,0,0,123,0,123,0,192,147,0,0,0,0,339,0
19,2025/2,2025-12-31,Cela física,Estadual,Associação de Proteção e Assistência aos Condenados de Toledo,,PR,Toledo,4127700,Masculino,Estabelecimento destinado ao cumprimento de pena em regime fechado,Parceria Público-Privada,51,0,0,0,0,0,0,51,0,51,0,0,42,0,0,0,0,42,0
19,2025/2,2025-12-31,Cela física,Estadual,CADEIA PUBLICA DE TOLEDO,20ª SDP TOLEDO,PR,Toledo,4127700,Misto,Estabelecimento destinado ao recolhimento de presos provisórios,Pública,105,108,0,0,0,0,0,212,1,213,0,105,108,0,0,0,0,213,0
19,2025/2,2025-12-31,Cela física,Estadual,CADEIA PUBLICA DE UMUARAMA,7ª SDP UMUARAMA,PR,Umuarama,4128104,Masculino,Estabelecimento destinado ao recolhimento de presos provisórios,Pública,100,0,0,0,0,0,0,100,0,100,0,96,82,0,0,0,0,178,0
19,2025/2,2025-12-31,Cela física,Estadual,CADEIA PUBLICA DE UNIAO DA VITORIA,4ª SDP UNIAO DA VITORIA,PR,União da Vitória,4128203,Masculino,Estabelecimento destinado ao recolhimento de presos provisórios,Pública,104,0,0,0,0,0,0,104,0,104,0,105,114,0,0,0,0,219,0
19,2025/2,2025-12-31,Cela física,Estadual,CADEIA PÚBLICA DE WENCESLAU BRAZ - CPWB,,PR,Wenceslau Braz,4128500,Masculino,Estabelecimento destinado ao recolhimento de presos provisórios,Pública,0,46,0,0,0,0,0,46,0,46,0,51,32,0,0,0,0,83,0
19,2025/2,2025-12-31,Domiciliar com monitoramento eletrônico,Estadual,DIVISÃO DE MONITORAÇÃO ELETRÔNICA - DME - MONITORAMENTO ELETRÔNICO DOMICILIAR,,PR,Curitiba,4106902,Misto,Outro : MONITORAÇÃO ELETRONICA,Pública,0,0,0,0,0,0,18760,16550,2210,18760,0,1908,584,15795,136,0,0,18423,0
19,2025/2,2025-12-31,Domiciliar sem monitoramento eletrônico,Estadual,COMPLEXO SOCIAL DE CASCAVEL - DOMICILIAR.,,PR,Cascavel,4104808,Misto,Patronato,Pública,0,0,0,0,0,0,0,0,0,0,0,4,0,700,1300,0,0,2004,0
19,2025/2,2025-12-31,Domiciliar sem monitoramento eletrônico,Estadual,COMPLEXO SOCIAL DE CURITIBA - DOMICILIAR,PCTA.CURITIBA.,PR,Curitiba,4106902,Misto,Patronato,Pública,0,0,0,0,0,0,0,0,0,0,0,0,0,0,38841,0,25,38866,0
19,2025/2,2025-12-31,Domiciliar sem monitoramento eletrônico,Estadual,COMPLEXO SOCIAL DE FRANCISCO BELTRÃO - DOMICILIAR.,Patronato de Francisco Beltrão,PR,Francisco Beltrão,4108403,Misto,Patronato,Pública,0,0,0,0,0,0,0,0,0,0,0,0,0,150,694,0,5,849,0
19,2025/2,2025-12-31,Domiciliar sem monitoramento eletrônico,Estadual,COMPLEXO SOCIAL DE GUARAPUAVA - DOMICILIAR.,,PR,Guarapuava,4109401,Misto,Outro : Complexo Social - atendimento Regime Aberto e Livramento Condicional,Pública,0,0,0,0,0,0,0,0,0,0,0,0,0,0,829,0,15,844,0
19,2025/2,2025-12-31,Domiciliar sem monitoramento eletrônico,Estadual,COMPLEXO SOCIAL DE LONDRINA - DOMICILIAR.,,PR,Londrina,4113700,Misto,Patronato,Pública,0,0,0,0,0,0,0,0,0,0,0,0,0,0,3656,0,0,3656,0
19,2025/2,2025-12-31,Domiciliar sem monitoramento eletrônico,Estadual,COMPLEXO SOCIAL DE TOLEDO - DOMICILIAR.,,PR,Toledo,4127700,Misto,Patronato,Pública,0,0,0,0,0,0,0,0,0,0,0,0,0,0,987,0,0,987,0
